buildID,build_Failed,duplicatedCode,GodClass,GodMethod,CyclomaticComplexity,DataClass
126398291,1,19,21,26,65,76
126746336,0,19,21,26,65,76
109977779,1,0,0,0,0,0
110452591,0,5,18,25,64,71
112075271,0,5,18,25,64,71
112645137,0,0,0,0,0,0
112982362,1,0,0,0,0,0
113481651,1,0,0,0,0,0
113509845,0,14,19,25,65,72
138362464,0,21,21,29,68,77
138916000,0,0,0,0,0,0
142765745,0,20,21,28,66,76
143956221,0,20,21,28,66,76
143985424,0,20,21,28,66,76
145069866,1,20,21,28,66,76
146177457,0,20,21,28,66,76
124740431,1,0,0,0,0,0
151527836,1,21,22,30,72,77
151640795,0,21,22,30,72,77
154842934,1,0,0,0,0,0
155053544,1,0,0,0,0,0
155423503,0,0,0,0,0,0
127299986,0,20,21,26,65,76
128065986,0,20,21,26,65,76
130851827,1,0,0,0,0,0
131241850,0,0,0,0,0,0
131761703,0,20,21,28,64,76
109667654,1,14,18,25,65,72
111309382,0,0,0,0,0,0
111801000,0,0,0,0,0,0
113692565,1,18,20,27,66,73
115954244,0,0,0,0,0,0
116914277,0,14,19,25,65,72
139527029,0,20,21,28,65,76
118336402,0,20,20,27,63,73
141725531,0,0,0,0,0,0
142485838,0,0,0,0,0,0
143897888,0,20,21,28,66,76
144831530,0,0,0,0,0,0
145664478,0,20,21,28,66,76
145924108,0,20,21,28,66,76
151311893,0,21,22,30,72,77
156012362,0,0,0,0,0,0
125901235,0,0,0,0,0,0
127225922,0,0,0,0,0,0
128302406,1,0,0,0,0,0
129255232,1,0,0,0,0,0
131686405,0,20,21,28,65,76
110192835,1,0,0,0,0,0
111302599,1,0,0,0,0,0
113687180,0,0,0,0,0,0
113711930,0,0,0,0,0,0
136260307,0,20,21,28,65,76
116896405,1,0,0,0,0,0
116909169,0,14,19,25,65,72
118045238,0,0,0,0,0,0
139888151,0,0,0,0,0,0
140076100,0,20,21,28,65,76
140085480,0,20,21,28,65,76
120680871,0,19,20,26,62,73
142831602,0,20,21,28,66,76
143403944,0,20,21,28,66,76
143428379,0,20,21,28,66,76
144572196,0,20,21,28,66,76
144582929,0,20,21,28,66,76
145597113,1,20,21,28,66,76
149540523,0,21,22,30,72,77
152409457,0,21,22,30,72,77
156056600,1,21,22,30,72,79
127849526,0,0,0,0,0,0
128311442,1,20,21,26,64,76
131131449,0,0,0,0,0,0
131451715,1,20,21,28,64,76
131506812,0,0,0,0,0,0
110193988,0,5,18,25,64,71
112075400,0,0,0,0,0,0
112887793,0,14,19,25,65,72
112960216,0,0,0,0,0,0
135869778,0,20,21,28,65,76
115920909,0,0,0,0,0,0
116736416,0,0,0,0,0,0
117520811,0,0,0,0,0,0
138375367,0,20,21,28,65,76
138396828,0,20,21,28,66,76
138797296,0,21,21,29,69,77
119524954,1,19,20,26,62,73
120967526,0,19,20,26,62,73
142552109,0,20,21,28,66,76
121176387,0,19,21,26,63,73
121434862,0,0,0,0,0,0
121517395,0,0,0,0,0,0
143157951,1,20,21,28,66,76
146730662,0,21,21,29,70,77
146735106,1,0,0,0,0,0
150699422,0,21,22,30,72,77
150979880,0,21,22,30,72,77
152791821,0,21,22,30,72,77
153283982,1,0,0,0,0,0
153342423,0,0,0,0,0,0
154215928,0,0,0,0,0,0
155994532,1,21,22,30,72,78
129844516,0,20,21,27,66,76
129856896,0,0,0,0,0,0
111282846,1,0,0,0,0,0
135615888,0,0,0,0,0,0
112015327,1,0,0,0,0,0
112027912,1,5,18,25,64,71
112931345,0,0,0,0,0,0
113695858,1,0,0,0,0,0
136143727,1,20,21,28,65,76
136434414,0,20,21,29,67,76
116375623,0,0,0,0,0,0
116376682,0,0,0,0,0,0
138110782,0,0,0,0,0,0
138423145,0,0,0,0,0,0
138965494,1,20,21,28,65,76
118316110,0,0,0,0,0,0
139777549,0,20,21,28,65,76
119544242,0,19,20,26,62,73
143999462,0,20,21,28,66,76
123436160,0,0,0,0,0,0
149193153,0,20,21,28,66,76
150943507,0,21,22,30,72,77
151925409,1,21,22,30,72,78
154787785,1,21,22,30,72,80
110178975,1,5,18,25,64,71
111276463,0,14,19,25,65,72
112981508,0,14,19,25,65,72
138385920,0,20,21,29,64,76
139203907,0,20,21,28,65,76
118476124,1,0,0,0,0,0
139860997,0,20,21,28,65,76
143098333,0,20,21,28,66,76
143166152,0,20,21,28,66,76
144824711,0,20,21,28,66,76
145109842,0,20,21,28,66,76
151308860,0,0,0,0,0,0
151315251,0,0,0,0,0,0
156225371,1,0,0,0,0,0
156355579,0,0,0,0,0,0
130883693,1,20,21,28,64,76
131405028,0,20,21,28,64,76
111325183,0,0,0,0,0,0
113191710,1,0,0,0,0,0
137267534,0,0,0,0,0,0
119534565,0,0,0,0,0,0
120922140,0,19,20,26,62,73
122242303,0,19,20,26,63,73
144740350,1,20,21,28,66,76
155060998,1,0,0,0,0,0
156332599,0,0,0,0,0,0
130915748,0,20,21,28,64,76
131460948,0,0,0,0,0,0
131472222,1,0,0,0,0,0
110448621,0,0,0,0,0,0
113490209,0,18,20,27,67,73
137900042,0,21,21,29,68,77
138152148,0,21,21,29,68,77
138391992,1,20,21,28,65,76
142580548,0,20,21,28,66,76
143357155,1,20,21,28,66,76
143966315,0,20,21,28,66,76
124235067,0,0,0,0,0,0
124235143,0,0,0,0,0,0
152415126,0,0,0,0,0,0
153079054,0,21,22,30,72,77
154206452,1,21,22,30,72,78
154559797,0,0,0,0,0,0
154861460,0,0,0,0,0,0
127551875,0,0,0,0,0,0
129211440,0,20,21,27,66,77
130923297,1,0,0,0,0,0
113694445,0,5,18,25,64,71
135937609,1,0,0,0,0,0
136265388,0,0,0,0,0,0
115918541,0,14,19,25,66,75
116627515,0,14,19,25,66,75
116971133,1,14,19,24,61,72
117467350,0,5,18,25,64,71
119065715,0,19,20,26,62,73
142295071,0,0,0,0,0,0
142856424,0,20,21,28,66,76
121430576,0,0,0,0,0,0
143337185,0,20,21,28,66,76
144022496,0,20,21,28,66,76
145034702,0,0,0,0,0,0
124285094,0,0,0,0,0,0
149072619,0,0,0,0,0,0
153389887,1,21,22,30,72,78
154216459,0,21,22,30,72,78
155061740,1,0,0,0,0,0
126119568,1,0,0,0,0,0
130056434,0,0,0,0,0,0
131200945,0,20,21,26,64,76
131453807,0,0,0,0,0,0
131496836,0,0,0,0,0,0
110420073,0,0,0,0,0,0
135672461,0,20,21,28,65,76
112696085,0,14,19,25,65,72
135934953,1,20,21,28,65,76
114526535,0,14,19,25,66,73
114529414,1,14,19,25,65,72
139285554,0,20,21,28,65,76
139577912,0,0,0,0,0,0
119807566,0,19,20,26,62,73
142258216,0,0,0,0,0,0
143950162,0,20,21,28,66,76
145031572,1,20,21,28,66,76
146123596,0,0,0,0,0,0
124850706,0,0,0,0,0,0
125914569,1,0,0,0,0,0
130832585,1,20,21,27,64,76
131516334,0,0,0,0,0,0
109887050,0,0,0,0,0,0
109936385,0,5,18,25,64,71
138386321,0,0,0,0,0,0
139487168,0,21,21,29,69,77
120152696,0,19,20,26,62,73
141672055,0,20,21,29,64,76
142577340,0,20,21,28,66,76
143400163,0,20,21,28,66,76
144906125,1,21,21,29,69,77
151022101,0,21,22,30,72,77
151227625,1,21,22,30,72,77
152444859,1,21,22,30,72,77
152666014,0,21,22,30,72,78
154154394,0,21,22,30,72,78
155052699,1,0,0,0,0,0
156023943,0,21,22,30,72,78
119052030,0,0,0,0,0,0
139860912,0,20,21,28,65,76
142773860,0,20,21,28,66,76
142862243,1,20,21,28,66,76
144523923,0,20,21,28,66,76
146391987,1,0,0,0,0,0
152473041,0,0,0,0,0,0
154158424,1,0,0,0,0,0
156333262,1,21,22,30,72,80
129213608,1,20,21,26,64,76
109887602,0,0,0,0,0,0
113679128,0,0,0,0,0,0
139567807,0,20,21,28,65,76
120468537,0,14,19,24,61,72
143947603,0,20,21,28,66,76
143969245,0,20,21,28,66,76
144161075,1,20,21,28,66,76
145037185,0,0,0,0,0,0
145071107,0,21,21,29,69,77
146104149,0,21,21,29,70,77
124313660,0,19,20,26,64,76
148122970,0,21,21,29,70,77
154249451,0,0,0,0,0,0
127589582,1,20,21,26,65,76
110230435,1,0,0,0,0,0
135934098,0,0,0,0,0,0
136160587,0,20,21,28,66,76
136165273,1,20,21,28,65,76
116914482,0,0,0,0,0,0
139025454,1,20,21,28,65,76
118502881,1,0,0,0,0,0
141684440,0,20,21,28,66,76
143984909,0,20,21,28,66,76
153101715,0,21,22,30,72,77
125914439,0,19,20,26,64,76
127551034,0,0,0,0,0,0
110189408,0,5,18,25,64,71
115348072,0,14,19,25,66,75
116896294,0,14,19,25,65,72
117467934,0,14,19,24,61,72
117478500,0,0,0,0,0,0
138156581,0,20,21,28,65,76
139312620,0,20,21,28,65,76
143093493,0,20,21,28,66,76
143973190,0,20,21,28,66,76
153048390,1,21,22,30,72,77
127572925,0,19,21,26,65,76
110211885,1,0,0,0,0,0
110231879,1,0,0,0,0,0
118038122,0,0,0,0,0,0
140592717,0,21,21,29,69,77
120069442,0,19,20,26,62,73
120919678,0,19,20,26,62,73
142552046,0,20,21,28,66,76
121540498,0,0,0,0,0,0
143150332,0,20,21,28,66,76
144068892,0,20,21,28,66,76
145828840,0,0,0,0,0,0
149768192,0,0,0,0,0,0
151524516,0,21,22,30,72,77
153054536,0,21,22,30,72,79
155995551,1,21,22,30,72,78
156012239,1,21,22,30,72,80
110446637,1,0,0,0,0,0
134574801,0,20,21,28,65,76
112061006,0,5,18,25,64,71
138397400,0,20,21,28,66,76
143171471,0,20,21,28,66,76
143384479,0,21,21,29,64,76
143920211,0,20,21,28,66,76
123099972,0,0,0,0,0,0
144849968,0,0,0,0,0,0
151035737,0,21,22,30,72,78
128151106,0,20,21,26,64,76
129462990,1,20,21,26,64,76
137820190,1,0,0,0,0,0
118502857,0,0,0,0,0,0
141699135,0,20,21,28,66,76
121496892,0,19,20,26,62,73
143061445,1,0,0,0,0,0
125701092,0,0,0,0,0,0
127544251,1,20,20,26,64,76
127585767,0,19,21,26,65,76
131140614,1,0,0,0,0,0
111269644,0,14,18,25,65,72
111818311,0,0,0,0,0,0
113483622,0,5,18,25,64,71
143325814,0,20,21,28,66,76
124198575,0,0,0,0,0,0
146371027,1,21,21,29,70,77
150697394,1,21,22,30,72,77
128334340,0,19,21,26,65,76
131467885,0,20,21,28,65,76
132680805,0,20,21,29,66,76
109971588,0,5,18,25,64,71
115927102,0,14,19,25,65,72
116955806,0,14,19,25,66,75
138152606,0,21,21,29,68,77
139035175,0,20,21,28,65,76
140609764,0,0,0,0,0,0
143362731,0,20,21,28,66,76
126141890,0,19,20,26,64,76
127343437,0,20,20,26,64,76
129222563,0,0,0,0,0,0
135677380,0,0,0,0,0,0
115391697,0,14,19,25,66,75
116736376,0,14,19,25,65,72
121505306,0,0,0,0,0,0
144160105,1,20,21,28,66,76
123088023,0,0,0,0,0,0
145038051,1,0,0,0,0,0
145089224,0,20,21,28,66,76
149192743,0,20,21,28,66,76
154566205,0,21,22,30,72,78
128350167,0,20,21,26,64,76
137528917,0,0,0,0,0,0
139031617,0,20,21,28,65,76
121537777,0,19,20,26,62,73
144194316,0,20,21,28,66,76
155983160,0,21,22,30,72,78
156336226,1,0,0,0,0,0
127880985,0,0,0,0,0,0
128047159,0,0,0,0,0,0
139859377,0,20,21,28,65,76
121232117,0,0,0,0,0,0
124848366,1,0,0,0,0,0
154191934,0,21,22,30,72,78
126747940,0,0,0,0,0,0
127572863,1,19,21,26,65,76
112014510,0,5,18,25,64,71
113476722,0,5,18,25,64,71
144828902,0,20,21,28,66,76
128326574,0,19,20,27,62,73
109962235,0,14,18,25,65,72
135935079,0,20,21,28,65,76
116934496,1,14,19,25,66,75
120716713,1,0,0,0,0,0
146454535,1,0,0,0,0,0
131452631,1,0,0,0,0,0
113198849,0,5,18,25,64,71
116669732,0,0,0,0,0,0
116918921,0,14,19,24,61,72
118066954,0,0,0,0,0,0
126409382,1,0,0,0,0,0
109885553,0,0,0,0,0,0
144567926,0,20,21,28,66,76
145821984,0,21,21,29,69,77
154863832,0,0,0,0,0,0
131725227,0,20,21,28,64,76
111059533,0,14,18,25,65,72
135478409,0,0,0,0,0,0
111800922,0,5,18,25,64,71
112857847,0,18,19,27,66,73
151830147,0,21,22,30,72,78
154562344,0,0,0,0,0,0
112077381,0,0,0,0,0,0
115967942,0,0,0,0,0,0
116710953,0,14,19,24,61,72
117467811,0,14,19,24,61,72
138199798,0,20,21,28,65,76
120097527,0,0,0,0,0,0
124746986,0,0,0,0,0,0
153314235,0,21,22,30,72,77
143332848,0,20,21,28,66,76
127785417,0,0,0,0,0,0
137594946,0,20,21,28,65,76
138135809,0,20,21,28,65,76
139203518,1,20,21,28,65,76
144457707,0,20,21,28,66,76
146172541,0,20,21,28,66,76
116377530,0,0,0,0,0,0
138097374,0,0,0,0,0,0
138797051,0,21,21,29,69,77
118529758,0,0,0,0,0,0
112600730,0,14,19,25,65,72
139311155,0,20,21,28,65,76
135718491,0,0,0,0,0,0
116664007,1,0,0,0,0,0
151505230,1,0,0,0,0,0
128059898,0,20,21,26,64,76
116679487,1,14,19,25,65,72
113191667,1,18,19,27,66,73
115188148,0,14,19,25,66,74
117564765,0,14,19,24,61,72
143981839,0,21,21,29,69,77
128866415,1,20,21,26,64,76
137882417,0,20,21,28,65,76
142762606,0,20,21,28,66,76
121452578,0,0,0,0,0,0
128076452,1,0,0,0,0,0
139598476,0,20,21,28,65,76
117752394,1,14,19,24,61,72
137252155,0,21,21,29,68,77
119534386,1,19,20,26,62,73
154193123,1,21,22,30,72,78
111302864,0,0,0,0,0,0
125843681,0,0,0,0,0,0
125891666,0,0,0,0,0,0
126128819,1,0,0,0,0,0
126171096,0,0,0,0,0,0
128326790,0,20,21,26,64,76
130874801,1,0,0,0,0,0
130910272,1,19,22,26,65,76
131724149,1,20,21,28,64,76
110462690,1,5,18,25,64,71
111059596,0,0,0,0,0,0
112060734,1,5,18,25,64,71
135876878,0,20,21,28,65,76
135954635,0,20,21,28,65,76
138115330,0,20,21,28,65,76
138895765,0,21,21,29,69,77
140110145,0,0,0,0,0,0
120298175,1,20,20,27,63,73
141718460,0,20,21,28,66,76
142529867,1,20,21,28,66,76
142859195,1,20,21,28,66,76
144461939,1,20,21,28,66,76
144575358,0,0,0,0,0,0
145822013,1,0,0,0,0,0
152480816,0,21,22,30,72,78
156015937,0,0,0,0,0,0
127847413,0,19,21,26,65,76
130558536,1,0,0,0,0,0
131451956,1,20,21,28,64,76
131510240,1,0,0,0,0,0
110449880,0,0,0,0,0,0
111063228,0,0,0,0,0,0
111309355,0,0,0,0,0,0
112029605,0,5,18,25,61,69
112055537,0,0,0,0,0,0
137886460,0,20,21,28,65,76
114252557,0,0,0,0,0,0
116483667,0,14,19,25,65,72
116974896,0,14,19,24,61,72
141175766,0,21,21,29,69,77
142545950,0,20,21,28,66,76
142859165,0,20,21,28,66,76
121506611,0,19,20,26,62,73
143099039,0,20,21,28,66,76
143178393,0,20,21,28,66,76
144178999,0,20,21,28,66,76
144829193,0,20,21,28,66,76
145925191,0,0,0,0,0,0
124234972,0,14,19,24,61,72
151575445,0,0,0,0,0,0
151616072,0,21,22,30,72,77
154191517,1,21,22,30,72,78
156022172,0,0,0,0,0,0
127847949,0,0,0,0,0,0
129462938,1,20,21,26,64,76
111069748,0,0,0,0,0,0
111263499,1,5,18,25,64,71
111270323,1,14,19,25,65,72
135696409,0,0,0,0,0,0
112054922,0,5,18,25,64,71
112078489,0,0,0,0,0,0
135958555,0,20,21,28,65,76
136243071,0,0,0,0,0,0
137528872,0,20,21,28,66,76
137530342,0,0,0,0,0,0
137614603,0,20,21,28,65,76
115882750,0,14,19,25,65,72
138398121,1,20,21,28,66,76
118288145,1,0,0,0,0,0
140037751,0,20,21,28,65,76
142590273,0,20,21,28,66,76
142603971,0,20,21,28,66,76
143175145,0,20,21,28,66,76
144837479,0,20,21,28,66,76
145661481,0,0,0,0,0,0
146104782,0,21,21,29,70,77
149830615,0,21,22,30,72,77
151336727,1,0,0,0,0,0
153079121,1,0,0,0,0,0
156285080,1,21,22,30,72,78
125891308,1,19,20,26,64,76
126741970,0,0,0,0,0,0
130021028,1,0,0,0,0,0
110184902,1,0,0,0,0,0
134819632,0,20,21,28,65,76
112700128,0,14,19,25,65,72
112902058,0,0,0,0,0,0
135904280,0,0,0,0,0,0
137809525,1,20,21,29,65,76
115919435,0,0,0,0,0,0
116899090,0,0,0,0,0,0
140818010,0,0,0,0,0,0
119525032,1,19,20,26,62,73
141728137,0,20,21,28,66,76
122242124,0,19,20,26,62,73
146179158,0,20,21,28,66,76
146209007,0,21,21,29,70,77
146210305,0,0,0,0,0,0
146463316,1,0,0,0,0,0
151905169,1,0,0,0,0,0
154566464,0,0,0,0,0,0
154780013,1,21,22,30,72,78
125701200,0,0,0,0,0,0
126140351,0,19,20,26,64,76
126649556,0,0,0,0,0,0
128350366,0,20,21,26,64,76
111232269,0,14,19,25,65,72
135656504,0,0,0,0,0,0
135689546,0,0,0,0,0,0
113482914,0,5,18,25,64,71
137871226,0,20,21,28,65,76
138418520,0,21,21,29,68,77
120149345,0,19,20,26,62,73
143061137,0,0,0,0,0,0
144587857,0,20,21,28,66,76
144787060,0,20,21,28,66,76
144808990,1,20,21,28,66,76
153316699,0,0,0,0,0,0
154586249,1,22,23,31,72,77
154859061,0,0,0,0,0,0
125086794,0,19,21,26,65,76
125701125,1,0,0,0,0,0
126371840,0,19,21,26,65,76
127241024,0,0,0,0,0,0
127302639,0,0,0,0,0,0
128046730,0,0,0,0,0,0
128353559,1,20,21,26,64,76
130917968,0,20,21,28,64,76
110404304,0,0,0,0,0,0
111882116,1,0,0,0,0,0
112033445,1,5,18,25,64,71
113201343,1,0,0,0,0,0
136141474,1,20,21,28,66,76
114640216,1,0,0,0,0,0
138927097,1,20,21,28,65,76
118311175,1,0,0,0,0,0
118321840,0,20,20,27,62,73
140020916,0,20,21,28,65,76
120066844,0,0,0,0,0,0
121530822,0,0,0,0,0,0
144775931,0,20,21,28,66,76
145596956,0,20,21,28,66,76
145826923,1,0,0,0,0,0
124786997,0,0,0,0,0,0
151295300,0,21,22,30,72,78
154872267,0,21,22,30,72,80
126757810,1,19,21,26,65,76
127857777,0,20,21,26,65,76
109686729,0,5,18,25,64,71
109887070,0,0,0,0,0,0
109973399,0,0,0,0,0,0
110448569,0,5,18,25,64,71
135668015,0,20,21,28,65,76
135689124,0,0,0,0,0,0
112925334,0,0,0,0,0,0
113737892,0,14,19,25,65,72
114529479,0,14,19,25,65,72
116686937,0,14,19,25,65,72
139239174,0,20,21,28,65,76
120641903,0,0,0,0,0,0
149242520,0,20,21,28,66,76
151539295,0,21,22,30,72,77
125700994,0,14,19,24,61,72
128397390,0,20,21,26,64,76
109691164,0,0,0,0,0,0
111300505,0,5,18,25,64,71
112871697,0,0,0,0,0,0
136178633,0,0,0,0,0,0
136250761,0,0,0,0,0,0
137275819,0,0,0,0,0,0
137530437,0,0,0,0,0,0
137915257,0,20,21,28,65,76
115380259,0,0,0,0,0,0
116113815,0,0,0,0,0,0
139270315,0,20,21,28,65,76
139565087,0,20,21,28,65,76
117988513,1,14,19,24,61,72
120124494,1,19,20,26,62,73
122242157,0,19,20,26,63,73
143086123,0,20,21,28,66,76
145826889,0,19,22,27,67,76
124846546,1,20,20,27,63,73
151898850,0,21,22,30,72,77
153659383,1,21,22,30,72,78
154749751,1,21,22,30,72,78
155414760,1,21,22,30,72,80
126688688,0,19,21,26,65,76
129520895,1,0,0,0,0,0
130887278,1,20,21,28,64,76
131228281,1,0,0,0,0,0
136139205,1,20,21,28,66,76
137809220,0,0,0,0,0,0
137880298,0,20,21,28,65,76
116966847,0,14,19,24,61,72
117486817,0,0,0,0,0,0
117982197,0,14,19,24,61,72
118971651,1,19,20,26,63,73
140071449,0,20,21,28,65,76
144193425,0,20,21,28,66,76
145555306,0,20,21,28,66,76
124796421,0,0,0,0,0,0
151845655,1,21,22,30,72,78
109695792,0,0,0,0,0,0
136263619,0,0,0,0,0,0
137915360,0,20,21,28,65,76
115967896,0,14,19,25,65,72
117476799,0,0,0,0,0,0
118502961,1,0,0,0,0,0
144072943,0,20,21,28,66,76
145925508,0,21,21,29,69,77
151895875,1,21,22,30,72,78
125873416,0,19,20,26,64,76
126371710,0,19,21,26,65,76
128351938,0,20,21,27,64,76
129523298,1,20,21,26,64,76
130020855,1,20,21,26,64,76
130847617,1,0,0,0,0,0
111079058,0,0,0,0,0,0
112906870,1,0,0,0,0,0
137809069,0,20,21,29,65,76
114568346,0,14,19,25,65,72
115883111,0,14,19,25,65,72
116228010,0,14,19,25,65,72
116910234,1,0,0,0,0,0
117476736,0,14,19,24,61,72
122242095,0,19,20,26,62,73
143398650,0,20,21,28,66,76
143402746,0,21,21,29,69,77
144522478,0,20,21,28,66,76
144831560,0,0,0,0,0,0
145664254,0,20,21,28,66,76
148906417,1,20,21,28,66,76
149542797,1,0,0,0,0,0
151896099,0,21,22,30,72,78
154487635,0,21,22,30,72,78
126660149,1,0,0,0,0,0
130582953,0,0,0,0,0,0
110406723,0,5,18,25,64,71
110999865,0,0,0,0,0,0
113158514,0,18,19,27,66,73
114567740,1,14,19,25,65,72
114568161,0,0,0,0,0,0
138921424,0,20,21,28,65,76
118529703,0,14,19,24,61,72
118532595,0,0,0,0,0,0
119807721,0,0,0,0,0,0
120097473,1,0,0,0,0,0
141474337,0,20,21,28,66,76
141666107,0,0,0,0,0,0
143983975,0,0,0,0,0,0
123420497,0,0,0,0,0,0
145922634,0,0,0,0,0,0
149767998,0,21,22,30,72,77
151801234,1,21,22,30,72,77
156057332,1,0,0,0,0,0
126120885,1,0,0,0,0,0
126129854,0,0,0,0,0,0
126170967,0,20,20,26,64,76
127245509,1,0,0,0,0,0
131209774,0,0,0,0,0,0
109991826,1,0,0,0,0,0
110419104,0,5,18,25,64,71
110961825,0,5,18,25,64,71
111078784,0,0,0,0,0,0
111322256,0,5,18,25,64,71
134832180,1,0,0,0,0,0
113404663,1,0,0,0,0,0
137820771,0,21,21,29,68,77
117550842,1,14,19,24,61,72
117552579,1,14,19,24,61,72
138411347,0,0,0,0,0,0
139023885,0,20,21,28,65,76
118264542,0,0,0,0,0,0
142540881,0,20,21,28,66,76
145019531,0,20,21,28,66,76
142540881,0,20,21,28,66,76
145019531,0,20,21,28,66,76
113709212,0,0,0,0,0,0
135940662,1,20,21,28,65,76
138441860,0,20,21,28,65,76
140584003,1,0,0,0,0,0
121219577,0,0,0,0,0,0
121225128,0,19,21,26,63,73
121506638,0,0,0,0,0,0
151609298,0,21,22,30,72,77
125678704,0,19,20,26,64,76
128108799,0,20,21,26,64,76
109966823,0,0,0,0,0,0
112906798,0,18,19,27,66,73
116627741,0,14,19,25,66,75
118060085,0,0,0,0,0,0
119618967,0,19,20,26,62,73
119921258,0,19,20,26,62,73
143124040,0,20,21,28,66,76
144825690,0,20,21,28,66,76
144831663,0,21,21,29,69,77
151798820,0,21,22,30,72,77
155059530,1,0,0,0,0,0
125939450,0,0,0,0,0,0
111862576,1,5,18,25,64,71
111866226,0,5,18,25,61,69
111872310,0,0,0,0,0,0
138464161,0,20,21,28,65,76
118319539,0,0,0,0,0,0
120146348,0,0,0,0,0,0
144188441,0,20,21,28,66,76
145936436,0,20,21,28,66,76
146639059,1,0,0,0,0,0
151306435,0,21,22,30,72,77
154491559,0,0,0,0,0,0
113755591,1,0,0,0,0,0
135880789,0,0,0,0,0,0
135949079,0,0,0,0,0,0
142826678,0,20,21,28,66,76
143171593,0,20,21,28,66,76
154192388,1,21,22,30,72,78
155411195,1,21,22,30,72,78
126204038,0,0,0,0,0,0
108900739,0,0,0,0,0,0
136431678,0,20,21,28,66,76
115914651,0,0,0,0,0,0
116710008,0,0,0,0,0,0
116745429,0,0,0,0,0,0
139866141,0,20,21,28,65,76
120612313,0,0,0,0,0,0
120650715,0,0,0,0,0,0
142483240,0,20,21,28,66,76
152791946,1,0,0,0,0,0
156262871,0,21,22,30,72,78
127572711,0,19,21,26,65,76
127588088,1,20,21,26,65,76
135894304,0,20,21,28,65,76
116651275,0,0,0,0,0,0
116737489,0,0,0,0,0,0
116907792,0,0,0,0,0,0
143340886,0,20,21,28,66,76
143950300,0,20,21,28,66,76
123411939,0,19,20,26,64,76
144594132,0,20,21,28,66,76
151633103,0,21,22,30,72,77
153305799,0,0,0,0,0,0
113674685,1,0,0,0,0,0
116373318,0,0,0,0,0,0
118322804,0,20,20,27,62,73
144585976,0,20,21,28,66,76
145605061,0,20,21,28,66,76
146185386,0,20,21,28,66,76
111039950,0,0,0,0,0,0
145547715,1,20,21,28,66,76
146123469,0,19,22,27,67,76
124750217,0,0,0,0,0,0
151832760,1,21,22,30,72,77
155061532,1,21,22,30,72,80
130136275,0,20,21,26,64,76
131701017,1,0,0,0,0,0
135693588,0,0,0,0,0,0
113216174,1,18,19,27,66,73
154215775,0,0,0,0,0,0
156308272,1,0,0,0,0,0
110478323,0,0,0,0,0,0
135931749,1,20,21,28,65,76
144197248,0,20,21,28,66,76
152490647,0,21,22,30,72,79
125678778,0,0,0,0,0,0
126656775,1,0,0,0,0,0
113516026,0,0,0,0,0,0
135896223,0,20,21,28,65,76
115916383,1,19,20,27,66,73
116198262,0,14,19,25,65,72
144590487,1,20,21,28,66,76
135947709,0,0,0,0,0,0
115889119,0,14,19,25,65,72
156360186,0,0,0,0,0,0
111271140,1,14,19,25,65,72
111867035,0,0,0,0,0,0
117556241,0,14,19,24,61,72
139193402,0,20,21,28,65,76
143964211,0,20,21,28,66,76
123086857,0,0,0,0,0,0
144486575,0,20,21,28,66,76
145088815,0,20,21,28,66,76
150646501,1,21,22,30,72,78
112031792,0,14,19,25,65,72
113481602,0,5,18,25,64,71
118054389,0,14,19,24,61,72
140827726,0,0,0,0,0,0
144563448,0,20,21,28,66,76
150973105,1,0,0,0,0,0
129220643,0,0,0,0,0,0
138362533,0,21,21,29,68,77
118228034,1,19,20,26,62,73
143107264,1,20,21,28,66,76
144592388,1,20,21,28,66,76
143322790,0,20,21,28,66,76
145007759,0,20,21,28,66,76
145579435,0,20,21,28,66,76
119233979,0,19,20,26,62,73
119266183,1,19,20,26,62,73
141736077,0,20,21,28,66,76
131228337,0,0,0,0,0,0
146732371,1,0,0,0,0,0
151235021,0,21,22,30,72,77
154858650,1,21,22,30,72,78
144068708,0,20,21,28,66,76
151895063,0,21,22,30,72,77
126404246,0,0,0,0,0,0
131510175,0,0,0,0,0,0
137641547,0,20,21,29,65,76
116664769,0,0,0,0,0,0
148986519,1,20,21,28,66,76
153088637,1,0,0,0,0,0
137806519,1,20,21,29,65,76
138418604,0,0,0,0,0,0
118295559,0,19,20,26,62,73
146129386,0,21,21,29,70,77
137302463,0,0,0,0,0,0
116953539,0,0,0,0,0,0
118540099,0,0,0,0,0,0
120887789,0,19,20,26,62,73
122117083,0,0,0,0,0,0
117764934,0,14,19,24,61,72
143434548,1,20,21,28,66,76
126391391,0,19,21,26,65,76
145919186,0,21,21,29,69,77
153382362,1,0,0,0,0,0
111068178,0,5,18,25,64,71
153675458,0,0,0,0,0,0
138449457,0,20,21,28,65,76
143966071,0,21,21,29,69,77
115403103,0,14,19,25,65,72
116905521,0,14,19,24,61,72
128303525,0,20,21,26,64,76
130923226,0,0,0,0,0,0
109640656,0,5,18,25,64,71
110241553,0,5,18,25,64,71
110401258,1,5,18,25,64,71
135675863,0,0,0,0,0,0
112593091,0,14,19,25,65,72
113696093,1,18,20,27,66,73
137554677,0,21,21,29,68,77
116626954,0,0,0,0,0,0
138112111,0,20,21,28,65,76
139033818,0,20,21,28,65,76
139319070,0,20,21,28,65,76
139527357,1,20,21,28,65,76
118086818,0,14,19,24,62,75
118536653,0,0,0,0,0,0
120160358,0,19,20,26,62,73
141685426,0,20,21,28,66,76
121211939,0,19,20,26,62,73
121505262,0,19,20,26,62,73
143341590,0,0,0,0,0,0
123392143,0,19,21,26,65,76
145092404,0,20,21,28,66,76
145110131,0,20,21,28,66,76
124774662,0,0,0,0,0,0
146738480,1,0,0,0,0,0
147833553,0,0,0,0,0,0
156004162,1,21,22,30,72,80
156223542,1,0,0,0,0,0
126665130,0,19,21,26,65,76
127586522,0,20,21,26,65,76
129844392,0,0,0,0,0,0
130574036,0,20,21,26,64,76
130832663,0,0,0,0,0,0
111268967,1,0,0,0,0,0
111521284,1,0,0,0,0,0
112888022,1,0,0,0,0,0
113483700,0,0,0,0,0,0
113673476,1,0,0,0,0,0
136041759,0,20,21,28,65,76
136166027,0,20,21,28,65,76
115388493,0,14,19,25,65,72
117479878,0,14,19,24,61,72
139210666,0,20,21,28,65,76
119053492,1,14,19,24,61,72
121142200,0,19,20,26,62,73
143151110,0,20,21,28,66,76
143418778,0,20,21,28,66,76
144523724,0,20,21,28,66,76
145569853,0,20,21,28,66,76
145606437,1,20,21,28,66,76
124746904,1,20,20,27,63,73
146407169,1,0,0,0,0,0
149242375,1,21,22,30,72,77
151304857,0,21,22,30,72,77
154860524,0,21,22,30,72,78
126168523,0,0,0,0,0,0
126651321,1,0,0,0,0,0
126674999,1,19,21,26,65,76
127239878,0,19,20,27,62,73
128397963,1,20,21,26,64,76
131515942,0,0,0,0,0,0
110997082,1,0,0,0,0,0
135661802,0,0,0,0,0,0
112604360,0,14,19,25,65,72
137532481,0,0,0,0,0,0
137609615,0,20,21,28,65,76
117449609,0,0,0,0,0,0
118067480,0,14,19,24,62,75
119522316,0,0,0,0,0,0
120717321,0,19,20,26,62,73
141685639,0,20,21,28,66,76
121176863,0,0,0,0,0,0
143333813,1,20,21,28,66,76
143950527,0,20,21,28,66,76
123152253,0,19,20,26,64,77
145093582,0,20,21,28,66,76
145622059,1,0,0,0,0,0
150699783,0,0,0,0,0,0
151011633,1,21,22,30,72,77
151634342,0,21,22,30,72,77
155057299,0,0,0,0,0,0
129523496,0,0,0,0,0,0
131782594,0,20,21,28,65,76
109962290,1,0,0,0,0,0
113516766,0,0,0,0,0,0
113769464,1,0,0,0,0,0
136429409,1,0,0,0,0,0
136442609,0,0,0,0,0,0
137257225,0,21,21,29,68,77
137546143,1,0,0,0,0,0
117477159,0,0,0,0,0,0
138119599,0,0,0,0,0,0
138143635,0,20,21,28,65,76
138426334,0,20,21,28,65,76
119330529,0,0,0,0,0,0
140827820,1,0,0,0,0,0
142601139,0,20,21,28,66,76
143426602,1,20,21,28,66,76
144530928,0,20,21,28,66,76
145547056,0,20,21,28,66,76
150058984,0,0,0,0,0,0
152480303,0,21,22,30,72,78
153353504,0,0,0,0,0,0
155059747,1,21,22,30,72,80
126129403,0,0,0,0,0,0
135697227,0,0,0,0,0,0
113436990,0,18,20,27,66,73
135961692,0,20,21,28,66,76
116372233,0,0,0,0,0,0
116483493,0,14,19,25,65,72
139234208,1,20,21,28,65,76
118328518,0,20,20,27,62,73
119580389,0,14,19,24,61,72
120967632,0,0,0,0,0,0
142493288,1,20,21,28,66,76
153316820,0,21,22,30,72,77
156589062,1,0,0,0,0,0
127606855,0,20,21,26,65,76
110459576,1,0,0,0,0,0
111579081,1,14,19,25,65,72
113487936,0,18,20,27,67,73
136178245,0,0,0,0,0,0
137809849,0,0,0,0,0,0
114526545,1,0,0,0,0,0
116684141,0,14,19,25,65,72
140059790,0,20,21,28,65,76
119851996,0,0,0,0,0,0
143965483,1,20,21,28,66,76
144169689,0,20,21,28,66,76
144558739,0,20,21,28,66,76
151531397,1,0,0,0,0,0
154153083,1,0,0,0,0,0
154184282,0,0,0,0,0,0
154214837,0,21,22,30,72,78
154745038,1,21,22,30,72,78
131510363,0,0,0,0,0,0
111232346,1,0,0,0,0,0
112896835,0,0,0,0,0,0
136432193,0,20,21,28,66,76
115153510,0,14,19,25,65,72
116710870,0,14,19,24,61,72
139025105,1,20,21,28,65,76
120295266,1,20,20,27,63,73
121538522,0,19,20,26,62,73
144588235,0,20,21,28,66,76
144737369,0,20,21,28,66,76
124506089,0,19,20,26,64,76
153637250,0,21,22,30,72,78
155118350,1,21,22,30,72,78
126421080,0,0,0,0,0,0
126649109,1,0,0,0,0,0
127523595,1,20,20,26,64,76
127849872,0,0,0,0,0,0
129211485,1,0,0,0,0,0
131201481,0,0,0,0,0,0
131725302,0,0,0,0,0,0
132339092,1,0,0,0,0,0
112857965,0,0,0,0,0,0
137636389,0,20,21,28,65,76
117448488,1,0,0,0,0,0
117485602,0,0,0,0,0,0
138166552,0,0,0,0,0,0
139307936,0,20,21,28,65,76
118259301,0,0,0,0,0,0
120116203,0,19,20,26,62,73
120146314,0,19,20,26,62,73
143329769,0,20,21,28,66,76
144190871,0,20,21,28,66,76
144529834,1,20,21,28,66,76
150727445,1,0,0,0,0,0
154763689,0,0,0,0,0,0
131783376,0,20,21,28,65,76
111268941,1,5,18,25,64,71
111790455,0,0,0,0,0,0
113476805,0,0,0,0,0,0
135876364,1,20,21,28,65,76
135905134,0,20,21,28,65,76
137265888,0,21,21,29,68,77
118031377,1,14,19,24,61,72
140116141,0,21,21,29,69,77
120885019,0,19,20,26,62,73
122773760,0,0,0,0,0,0
144038342,0,20,21,28,66,76
151898924,0,21,22,30,72,77
127868365,1,20,21,26,65,76
129844567,0,0,0,0,0,0
114632925,0,14,19,25,65,72
115918632,1,0,0,0,0,0
116176780,0,5,18,25,64,71
138971271,0,0,0,0,0,0
118086881,0,0,0,0,0,0
118251600,0,14,19,24,61,72
142826736,0,20,21,28,66,76
142870641,1,20,21,28,66,76
143058094,0,20,21,28,66,76
143072322,0,20,21,28,66,76
151641403,0,21,22,30,72,77
152397049,0,21,22,30,72,77
154158310,0,0,0,0,0,0
154191228,1,21,22,30,72,78
154870819,1,0,0,0,0,0
126451774,0,0,0,0,0,0
130866221,0,20,21,28,64,76
111066271,0,0,0,0,0,0
111863985,1,5,18,25,64,71
112618241,0,0,0,0,0,0
135876502,0,20,21,28,65,76
135932324,0,0,0,0,0,0
136255527,0,0,0,0,0,0
114252771,0,5,18,25,64,71
114528260,1,0,0,0,0,0
138122915,0,20,21,28,65,76
139280003,0,20,21,28,65,76
118254776,0,0,0,0,0,0
118265555,0,19,20,26,62,73
141661710,0,20,21,28,66,76
143046036,1,20,21,28,66,76
143951860,0,20,21,28,66,76
123412200,0,19,20,27,62,73
145038444,0,0,0,0,0,0
123437370,0,0,0,0,0,0
154859080,1,0,0,0,0,0
127605904,0,20,21,26,65,76
130565678,0,20,21,26,64,76
131236425,0,0,0,0,0,0
110187805,0,0,0,0,0,0
135683470,1,0,0,0,0,0
112014569,1,0,0,0,0,0
135870802,0,20,21,28,65,76
137875724,0,20,21,28,65,76
114270592,1,19,19,27,66,73
115911887,0,14,19,25,65,72
116956715,0,14,19,25,66,75
138404867,0,21,21,29,68,77
120159823,0,19,20,26,62,73
143926734,0,20,21,28,66,76
146384359,0,20,21,28,66,76
130865838,0,20,21,27,64,76
130923320,0,0,0,0,0,0
131414865,1,0,0,0,0,0
131751490,0,20,21,28,65,76
131783624,1,20,21,28,65,76
109626984,0,0,0,0,0,0
111080582,0,5,18,25,64,71
112594005,0,0,0,0,0,0
112857944,0,0,0,0,0,0
135950231,0,0,0,0,0,0
116914337,0,0,0,0,0,0
119334401,0,19,20,26,62,73
140036059,0,20,21,28,65,76
144526890,0,20,21,28,66,76
151636225,0,21,22,30,72,77
151901981,1,21,22,30,72,78
154780335,0,21,22,30,72,78
118319123,1,14,19,24,61,72
119087566,0,14,19,24,61,72
142823232,0,20,21,28,66,76
144998001,0,21,21,29,69,77
145115243,0,20,21,28,66,76
146409417,1,0,0,0,0,0
147858235,0,21,21,29,69,76
150720030,0,21,22,30,72,77
150994556,0,0,0,0,0,0
153388737,1,21,22,30,72,78
154820605,1,21,22,30,72,80
110466604,0,5,18,25,64,71
111269000,0,0,0,0,0,0
111309220,0,5,18,25,64,71
135668117,0,0,0,0,0,0
112888810,0,0,0,0,0,0
135922740,0,20,21,28,65,76
137266214,0,21,21,29,68,77
115948906,0,5,18,25,64,71
116909788,0,0,0,0,0,0
117466416,0,14,19,24,61,72
138084062,0,20,21,28,65,76
139310625,0,21,21,29,69,77
118028095,1,0,0,0,0,0
118038062,0,14,19,24,61,72
143332819,0,20,21,28,66,76
144812734,0,20,21,28,66,76
145555704,0,20,21,28,66,76
145562180,0,20,21,28,66,76
148895848,0,20,21,28,66,76
151596491,0,21,22,30,72,77
154745257,0,21,22,30,72,78
128076317,1,20,21,26,65,76
128858165,0,20,21,26,64,76
128931035,0,19,20,26,63,73
130585550,0,0,0,0,0,0
109667762,0,0,0,0,0,0
111076998,0,0,0,0,0,0
112061365,0,0,0,0,0,0
112699728,0,14,19,25,65,72
112918020,0,18,19,27,66,73
113678346,1,14,19,25,65,72
119233693,1,19,20,26,62,73
141712997,0,20,21,28,66,76
146166723,0,0,0,0,0,0
151329823,0,21,22,30,72,77
156017967,0,21,22,30,72,80
131769160,0,20,21,28,65,76
113239137,1,18,20,27,66,73
119645494,1,19,20,26,62,73
120150179,0,0,0,0,0,0
141685508,1,21,21,29,64,76
141732304,0,20,21,28,66,76
144737095,1,20,21,28,66,76
149192869,0,20,21,28,66,76
151798748,0,21,22,30,72,77
152724316,0,0,0,0,0,0
109887106,0,0,0,0,0,0
111578908,0,14,19,25,65,72
113191779,0,0,0,0,0,0
113484794,0,0,0,0,0,0
116627544,0,14,19,25,66,75
138163413,0,20,21,28,65,76
142870706,0,20,21,28,66,76
121224970,0,0,0,0,0,0
143115273,0,20,21,28,66,76
145072088,0,20,21,28,66,76
146410618,1,21,21,29,70,77
127241558,1,0,0,0,0,0
127615115,1,0,0,0,0,0
130882231,0,20,21,28,64,76
113507428,0,0,0,0,0,0
136140750,1,20,21,28,66,76
136266346,0,20,21,28,66,76
137891896,0,20,21,28,65,76
120069488,0,0,0,0,0,0
144814868,0,20,21,28,66,76
149556986,1,0,0,0,0,0
151298428,0,21,22,30,72,77
125626024,1,0,0,0,0,0
129463047,1,20,21,26,64,76
131787204,0,20,21,28,65,76
132169493,0,20,21,28,65,76
136433901,0,20,21,28,66,76
116479914,0,14,19,25,65,72
142858743,0,20,21,28,66,76
143146238,0,20,21,28,66,76
144543177,0,20,21,28,66,76
149490303,0,0,0,0,0,0
109941863,0,5,18,25,64,71
111300574,0,0,0,0,0,0
112906848,0,0,0,0,0,0
137269879,0,0,0,0,0,0
137902053,0,0,0,0,0,0
116927377,0,14,19,24,61,72
139881060,0,20,21,28,65,76
142554979,0,20,21,28,66,76
142831613,0,20,21,28,66,76
123391411,0,19,20,26,64,76
145018912,1,20,21,28,66,76
154172608,1,0,0,0,0,0
155955250,1,0,0,0,0,0
125846098,0,19,20,26,64,76
142783000,1,20,21,28,66,76
145565037,0,20,21,28,66,76
109993133,1,0,0,0,0,0
112925284,0,18,19,27,66,73
116910281,0,14,19,24,61,72
117535544,0,0,0,0,0,0
138192707,0,20,21,28,65,76
138418795,0,0,0,0,0,0
143938373,0,20,21,28,66,76
123391482,0,19,20,26,64,76
144582484,0,20,21,28,66,76
145580530,0,0,0,0,0,0
154863779,1,21,22,30,72,78
127610870,0,19,21,26,65,76
143177862,0,20,21,28,66,76
145060709,0,0,0,0,0,0
127870953,0,20,21,26,65,76
120301458,0,0,0,0,0,0
142585341,0,20,21,28,66,76
144496065,0,20,21,28,66,76
145557111,0,20,21,28,66,76
149277632,0,21,22,30,72,77
151051261,0,21,22,30,72,77
113404524,0,14,19,25,65,72
116901952,1,0,0,0,0,0
142578202,0,20,21,28,66,76
153568470,1,21,22,30,72,78
126203747,0,19,20,26,64,76
119327610,0,19,20,26,62,73
140078662,0,20,21,28,65,76
141666157,0,0,0,0,0,0
143045925,0,0,0,0,0,0
131718814,0,0,0,0,0,0
111322362,0,0,0,0,0,0
118569011,0,19,20,26,62,73
119544288,0,0,0,0,0,0
121224767,0,0,0,0,0,0
148879444,0,20,21,28,66,76
148969905,0,21,21,29,70,76
131210287,0,0,0,0,0,0
131236185,0,0,0,0,0,0
131241811,0,0,0,0,0,0
135905242,0,0,0,0,0,0
116627201,0,14,19,25,66,75
139496483,1,20,21,28,65,76
143172054,0,20,21,28,66,76
152397703,0,21,22,30,72,78
154560499,0,21,22,30,72,78
154867089,0,0,0,0,0,0
123413784,0,0,0,0,0,0
111033549,1,14,19,25,65,72
144846386,0,20,21,28,66,76
146174024,0,20,21,28,66,76
131508045,0,0,0,0,0,0
116735525,0,0,0,0,0,0
143970845,0,20,21,28,66,76
127549985,0,0,0,0,0,0
118311110,0,14,19,24,62,75
142488886,0,20,21,28,66,76
142760819,0,20,21,28,66,76
131225469,1,0,0,0,0,0
141725578,0,0,0,0,0,0
151007371,0,21,22,30,72,77
128067027,1,0,0,0,0,0
111082574,0,5,18,25,64,71
114340796,0,0,0,0,0,0
118475388,0,0,0,0,0,0
136266552,0,0,0,0,0,0
137891120,1,20,21,28,65,76
139519713,0,20,21,28,65,76
140514404,0,21,21,29,69,77
111792656,0,0,0,0,0,0
129523032,0,0,0,0,0,0
130632647,0,20,21,26,64,76
130865866,0,20,21,28,64,76
131697211,1,0,0,0,0,0
110461242,0,5,18,25,64,71
110465019,0,5,18,25,64,71
135676712,0,20,21,28,64,76
137270696,0,0,0,0,0,0
116374654,0,0,0,0,0,0
116710752,0,14,19,24,61,72
117510710,1,0,0,0,0,0
138423759,0,20,21,28,65,76
120301419,0,20,20,27,63,73
142580540,0,20,21,28,66,76
143957992,1,20,21,28,66,76
123412553,0,19,20,26,64,76
144595804,0,20,21,28,66,76
154849133,0,21,22,30,72,80
125947070,0,0,0,0,0,0
126703400,0,19,21,26,65,76
110994288,0,0,0,0,0,0
111037244,0,5,18,25,64,72
135903846,0,20,21,28,65,76
116433641,1,0,0,0,0,0
116650784,1,14,19,25,66,75
117756723,0,14,19,24,61,72
138194929,0,20,21,28,65,76
138470808,0,20,21,28,65,76
139039174,0,20,21,28,65,76
118041281,0,0,0,0,0,0
118313019,0,0,0,0,0,0
141665966,0,0,0,0,0,0
123332023,0,0,0,0,0,0
123341888,0,0,0,0,0,0
149542894,1,0,0,0,0,0
149762852,0,0,0,0,0,0
150720852,0,21,22,30,72,77
151050611,1,21,22,30,72,77
151228886,1,21,22,30,72,77
155069707,1,0,0,0,0,0
155093116,0,22,22,29,71,79
110144728,1,5,18,25,61,69
110409674,0,5,18,25,64,71
111066831,0,0,0,0,0,0
134808191,1,20,21,28,65,76
135899112,0,20,21,28,65,76
139590972,0,20,21,28,65,76
119812743,0,19,20,26,62,73
141686381,0,20,21,28,66,76
143177081,0,20,21,28,66,76
144588562,0,20,21,28,66,76
153088718,1,0,0,0,0,0
153317698,1,0,0,0,0,0
129523427,0,0,0,0,0,0
135661748,1,20,21,28,65,76
135937100,1,20,21,28,65,76
137630724,0,20,21,28,65,76
114528491,0,0,0,0,0,0
139851779,0,20,21,28,65,76
144800994,0,20,21,28,66,76
151035372,1,21,22,30,72,78
151290670,0,21,22,30,72,77
154526689,0,21,22,30,72,78
155092488,1,0,0,0,0,0
126655095,0,0,0,0,0,0
130633076,0,0,0,0,0,0
131479261,0,0,0,0,0,0
134808909,0,0,0,0,0,0
112027966,0,0,0,0,0,0
113737999,0,0,0,0,0,0
116445057,0,14,19,25,65,72
116916872,0,0,0,0,0,0
116998498,0,14,19,24,61,72
138113942,0,20,21,28,65,76
139204233,0,20,21,28,65,76
139322707,0,20,21,28,65,76
118031452,0,0,0,0,0,0
118067385,0,19,20,26,62,73
142489144,0,20,21,28,66,76
142766550,0,20,21,28,66,76
145040604,0,0,0,0,0,0
145925869,0,20,21,28,66,76
146204576,0,21,21,29,70,77
146492460,0,21,21,29,70,77
